编号,名称,电压等级,本侧站,对侧站,正序阻抗,零序阻抗,长度(km),调度名称对应
1,淄临线,500kV,淄博站,临淄站,0.0256119+j0.281924,0.0778669+j0.733003,34.66,
2,济天线,500kV,天衍站,济南站,0.0228987+j0.272092,0.164774+j0.67008,36.43,
3,益川Ⅱ线,500kV,淄川站,益都站,0.0291022+j0.269969,0.219195+j0.809907,80.75,
4,德韶线,500kV,闻韶站,德州站,0.025849+j0.274096,0.194024+j0.670495,34.57,
5,川泰Ⅱ线,500kV,泰山站,淄川站,0.020001+j0.280011,0.080003+j0.700028,100.01,
7,蒙照Ⅱ线,500kV,日照站,沂蒙站,0.0211927+j0.282284,0.222048+j0.776699,97.26,
8,照琅Ⅰ线,500kV,琅琊站,日照站,0.0234183+j0.282387,0.282955+j0.841961,89.4,
9,华陵线,500kV,陵县站,,0.0291697+j0.288099,0.163869+j0.637808,36.13,
10,莱光Ⅱ线,500kV,,光州站,0.0315376+j0.228248,0.12615+j0.798868,45.33,
11,阳霞线,500kV,栖霞站,莱阳站,0.00944345+j0.26644,0.119325+j0.90393,77.98,
12,枣蒙Ⅱ线,500kV,枣庄站,沂蒙站,0.0202601+j0.286658,0.249498+j0.790125,111.51,
13,邹泰线,500kV,泰山站,,0.0270007+j0.282402,0.108001+j0.706006,104.69,
14,岱泰线,500kV,岱宗站,泰山站,0.0215158+j0.203734,0.170203+j0.742837,47.93,
15,东琅Ⅱ线,500kV,胶东站,琅琊站,0.0349006+j0.266722,0.195226+j0.727883,37.22,
16,光寿Ⅱ线,500kV,光州站,寿光站,0.0211615+j0.268948,0.0736365+j0.533027,98.06,
17,皇郓Ⅱ线,500kV,,郓城站,0.02+j0.28,0.0652+j0.728,48.5,
18,龙济Ⅰ线,500kV,蟠龙站,济南站,0.020072+j0.274136,0.153352+j0.87911,23.6,
19,长龙Ⅱ线,500kV,蟠龙站,长清站,0.0271592+j0.27675,0.17056+j0.714157,63.01,
20,聊长Ⅱ线,500kV,长清站,聊城站,0.0200242+j0.295516,0.180299+j0.749434,74.26,
21,邑聊Ⅰ线,500kV,,聊城站,0.0273843+j0.28,0.196242+j0.741659,12.96,
22,郓泰Ⅱ线,500kV,郓城站,泰山站,0.022547+j0.21299,0.170127+j0.871475,143.03,
23,潍泽线,500kV,大泽站,潍坊站,0.0304193+j0.271165,0.197327+j0.715733,62.25,
25,霞光线,500kV,光州站,栖霞站,0.0181739+j0.272543,0.238271+j0.896422,99.5,
26,东泽Ⅰ线,500kV,大泽站,胶东站,0.0220868+j0.262339,0.143897+j0.658629,45.14,
27,潍崂线,500kV,潍坊站,崂山站,0.0306283+j0.294587,0.260223+j0.916584,110.29,
28,益川Ⅰ线,500kV,淄川站,益都站,0.0291022+j0.269969,0.219195+j0.809907,80.75,
29,聊长Ⅰ线,500kV,长清站,聊城站,0.0200296+j0.295595,0.180348+j0.749636,74.24,
30,济淄Ⅱ线,500kV,济南站,淄博站,0.0270193+j0.276074,0.17607+j0.765439,74.68,
31,聊韶Ⅰ线,500kV,闻韶站,聊城站,0.0205849+j0.270006,0.160468+j0.717548,117.79,
32,临潍线,500kV,临淄站,潍坊站,0.0262395+j0.282142,0.178802+j0.73357,101.33,
33,济韶线,500kV,济南站,闻韶站,0.0278327+j0.293459,0.197024+j0.665611,43.88,
34,光泽线,500kV,光州站,大泽站,0.0193641+j0.265966,0.174686+j0.763553,58.03,
35,上河Ⅱ线,500kV,汶上站,,0.0196262+j0.29045,0.141876+j0.897323,13.11,
36,龙济Ⅱ线,500kV,蟠龙站,济南站,0.0164055+j0.277318,0.173088+j0.699078,21.7,
38,皇郓Ⅰ线,500kV,,郓城站,0.02+j0.28,0.0652+j0.728,48.5,
39,邹枣线,500kV,,枣庄站,0.0230105+j0.283965,0.24727+j0.725559,48.53,
40,寿油Ⅰ线,500kV,寿光站,油城站,0.0196075+j0.269088,0.0582025+j0.501744,66.76,
41,泰天线,500kV,天衍站,泰山站,0.0262006+j0.28109,0.204814+j0.687543,115.28,
42,阳泽线,500kV,大泽站,莱阳站,0.0313349+j0.250712,0.191414+j0.695779,91.77,
43,光寿Ⅰ线,500kV,光州站,寿光站,0.0211615+j0.268948,0.0736365+j0.533027,98.06,
44,上泰Ⅰ线,500kV,泰山站,汶上站,0.0208375+j0.270013,0.181931+j1.02352,96.96,
45,郓岱线,500kV,郓城站,岱宗站,0.022102+j0.204684,0.177217+j0.766678,102.85,
46,滨油Ⅱ线,500kV,油城站,滨州站,0.0192559+j0.270071,0.122826+j0.645515,60.34,
47,郓上线,500kV,郓城站,汶上站,0.0225472+j0.212995,0.170129+j0.871491,54.06,
48,邹川线,500kV,淄川站,,0.0286472+j0.28136,0.121855+j0.611254,191.08,
49,辛聊Ⅱ线,500kV,,聊城站,0.0249413+j0.273812,0.173504+j0.717513,110.66,
50,昆牟线,500kV,牟平站,昆嵛站,0.0210522+j0.269522,0.125561+j0.666196,67.95,
51,邑聊Ⅱ线,500kV,,聊城站,0.0273843+j0.28,0.196242+j0.741659,12.96,
52,枣蒙Ⅰ线,500kV,枣庄站,沂蒙站,0.020261+j0.286671,0.249509+j0.79016,107.29,
53,霞昆Ⅱ线,500kV,栖霞站,昆嵛站,0.0184153+j0.271736,0.202982+j0.797456,119.71,
54,滨油Ⅰ线,500kV,油城站,滨州站,0.0192559+j0.270071,0.122826+j0.645515,60.34,
55,益潍Ⅰ线,500kV,潍坊站,益都站,0.021135+j0.273731,0.059549+j0.5261,66.52,
56,益潍Ⅱ线,500kV,潍坊站,益都站,0.021135+j0.273731,0.059549+j0.5261,66.52,
57,核阳Ⅱ线,500kV,,莱阳站,0.0135449+j0.261568,0.141766+j0.744416,57.66,
58,东崂Ⅰ线,500kV,胶东站,崂山站,0.0233844+j0.282581,0.199493+j0.752706,50.29,
59,上河Ⅰ线,500kV,汶上站,,0.0196262+j0.29045,0.141876+j0.897323,13.11,
60,聊韶Ⅱ线,500kV,闻韶站,聊城站,0.0205849+j0.270006,0.160468+j0.717548,117.79,
61,黄滨Ⅱ线,500kV,滨州站,,0.0249758+j0.271041,0.288129+j0.682929,113.47,
62,密琅线,500kV,密州站,琅琊站,0.0189725+j0.245759,0.193698+j0.743496,59.66,
63,华德线,500kV,,德州站,0.0479604+j0.293941,0.190521+j0.801625,60.6,
64,上泰Ⅱ线,500kV,泰山站,汶上站,0.0208375+j0.270013,0.181931+j1.02352,96.96,
65,上嘉Ⅰ线,500kV,,汶上站,0.0267259+j0.286303,0.208431+j0.81762,33.78,
66,东崂Ⅱ线,500kV,胶东站,崂山站,0.0348984+j0.266704,0.195214+j0.727834,51.67,
67,东琅Ⅰ线,500kV,胶东站,琅琊站,0.0233827+j0.28258,0.19949+j0.752703,36.48,
68,黄滨Ⅰ线,500kV,滨州站,,0.0249758+j0.271041,0.288129+j0.686451,113.47,
69,川泰Ⅰ线,500kV,泰山站,淄川站,0.020001+j0.280011,0.080003+j0.700028,100.01,
70,霞牟线,500kV,牟平站,栖霞站,0.0190126+j0.267617,0.140387+j0.685955,65.93,
71,济淄Ⅰ线,500kV,济南站,淄博站,0.0260948+j0.281858,0.163655+j0.840763,72.39,
72,核阳Ⅰ线,500kV,,莱阳站,0.0135449+j0.261568,0.141766+j0.744416,57.66,
73,邹鲁线,500kV,鲁中站,,0.0211176+j0.266682,0.231823+j0.926149,152.47,
74,照琅Ⅱ线,500kV,琅琊站,日照站,0.0234171+j0.282375,0.282942+j0.841923,90.37,
75,长龙Ⅰ线,500kV,蟠龙站,长清站,0.0183806+j0.274629,0.20506+j0.96121,67.99,
76,蒙照Ⅰ线,500kV,日照站,沂蒙站,0.0211922+j0.282284,0.222048+j0.776699,95.79,
77,鲁密线,500kV,密州站,鲁中站,0.0200621+j0.273968,0.23881+j0.871098,143.21,
78,辛聊Ⅰ线,500kV,,聊城站,0.024128+j0.274715,0.165371+j0.745527,110.66,
79,莱光Ⅰ线,500kV,,光州站,0.0315376+j0.228248,0.12615+j0.798868,45.33,
80,上嘉Ⅱ线,500kV,,汶上站,0.0267259+j0.286303,0.208431+j0.81762,33.78,
81,陵滨线,500kV,陵县站,滨州站,0.0250542+j0.276775,0.186757+j0.671486,129.97,
82,崂阳线,500kV,莱阳站,崂山站,0.0260365+j0.266752,0.188261+j0.704254,72.36,
84,滨利线,220kV,滨州站,,0.053998+j0.307988,0.167394+j0.890087,26.61,
90,滨堡线,220kV,,滨州站,0.0552033+j0.308828,0.190921+j0.666412,8.36,
97,滨尚Ⅰ线,220kV,,滨州站,0.065244+j0.370045,0.226136+j0.893881,17.83,
98,天明Ⅱ线,220kV,,天衍站,0.0380333+j0.30722,0.181153+j0.815667,15,
103,滨尚Ⅱ线,220kV,,滨州站,0.0701066+j0.369148,0.228828+j0.893197,17.83,
105,滨郭Ⅱ线,220kV,,滨州站,0.0567661+j0.325516,0.178956+j0.743463,17.44,
107,滨大线,220kV,,滨州站,0.0493751+j0.349432,0.19537+j0.789281,53.13,
110,天明Ⅰ线,220kV,,天衍站,0.0413+j0.308627,0.182333+j0.812667,15,
114,滨董线,220kV,,滨州站,0.0446791+j0.311511,0.174178+j0.667079,34.75,
115,淄肖线,220kV,,淄博站,0.0520526+j0.307284,0.161363+j0.888051,28.15,
117,陵苏Ⅰ线,220kV,,陵县站,0.0393407+j0.301978,0.133846+j0.817363,4.55,
118,德邢Ⅱ线,220kV,德州站,,0.0396697+j0.302935,0.118491+j0.788003,13.32,
120,陵天线,220kV,,陵县站,0.0419326+j0.303191,0.151167+j0.71711,33.84,
122,韶瓦Ⅱ线,220kV,,闻韶站,0.0333772+j0.29705,0.183483+j0.607218,18.98,
123,韶瓦Ⅰ线,220kV,,闻韶站,0.0333772+j0.29705,0.183483+j0.607218,18.98,
128,德夏线,220kV,,德州站,0.0602613+j0.362924,0.21142+j0.812912,83.8,
131,德糖Ⅰ线,220kV,,德州站,0.0406247+j0.312486,0.14159+j0.735461,22.89,
132,陵河线,220kV,陵县站,,0.0518479+j0.300757,0.207621+j0.816543,56.82,
133,陵杨线,220kV,,陵县站,0.0397811+j0.301943,0.150876+j0.710716,21.93,
136,陵苗线,220kV,,陵县站,0.0400017+j0.303012,0.120005+j0.787833,24.23,
138,陵香Ⅰ线,220kV,,陵县站,0.039759+j0.300577,0.237902+j0.682856,19.92,
140,德邢Ⅰ线,220kV,德州站,,0.0396697+j0.302935,0.118491+j0.788003,13.32,
141,德临线,220kV,,德州站,0.0627316+j0.38046,0.227586+j0.875118,29.58,
142,德禹线,220kV,德州站,,0.04+j0.302998,0.12+j0.787799,26.08,
147,德龙线,220kV,,德州站,0.0350955+j0.3004,0.158685+j0.736117,22.51,
149,德晏线,220kV,,德州站,0.0400008+j0.303006,0.16132+j0.90902,49.26,
151,陵津Ⅰ线,220kV,,陵县站,0.0403093+j0.300677,0.180101+j0.736266,39.45,
153,陵香Ⅱ线,220kV,,陵县站,0.039759+j0.300577,0.237902+j0.682856,19.92,
154,德平线,220kV,,德州站,0.0386216+j0.300325,0.173342+j0.746424,30.76,
158,陵华Ⅱ线,220kV,,陵县站,0.0477901+j0.314459,0.123917+j0.876164,38.01,
159,韶临线,220kV,,闻韶站,0.065407+j0.398312,0.263405+j0.933521,30.22,
162,德糖Ⅱ线,220kV,,德州站,0.0399953+j0.305749,0.154534+j0.875566,25.37,
163,陵时线,220kV,,陵县站,0.0399984+j0.302988,0.124695+j0.665259,49.97,
166,陵苏Ⅱ线,220kV,,陵县站,0.0394273+j0.302643,0.134141+j0.819163,4.54,
169,油茂线,220kV,,油城站,0.0387467+j0.301358,0.0858747+j0.581044,38.3,
173,油坨线,220kV,,油城站,0.0355776+j0.298512,0.137958+j0.686609,42.94,
178,油口Ⅰ线,220kV,,油城站,0.0412715+j0.300057,0.15488+j0.68256,17.46,
179,油胜线,220kV,,油城站,0.04+j0.303,0.12+j0.7878,41.37,
180,临乐Ⅰ线,220kV,,临淄站,0.0389182+j0.298541,0.191723+j0.790931,15.9,
181,油东线,220kV,,油城站,0.0477938+j0.302826,0.139018+j0.628656,20.17,
187,临乐Ⅱ线,220kV,,临淄站,0.0375816+j0.287654,0.184879+j0.762116,16.54,
188,油口Ⅱ线,220kV,,油城站,0.0412715+j0.300057,0.15488+j0.68256,17.46,
191,油丁Ⅱ线,220kV,,油城站,0.0399934+j0.30294,0.119973+j0.787644,15.07,
197,油安线,220kV,,油城站,0.0490881+j0.299938,0.142349+j0.62374,32.35,
205,油广Ⅱ线,220kV,,油城站,0.0456458+j0.298933,0.160038+j0.68194,34.22,
206,油丁Ⅰ线,220kV,,油城站,0.0399934+j0.30294,0.119973+j0.787644,15.07,
209,郓潘Ⅰ线,220kV,,郓城站,0.04001+j0.303076,0.12003+j0.787996,20.02,
214,郓浒Ⅱ线,220kV,,郓城站,0.04+j0.303002,0.12+j0.908999,15.09,
219,郓三Ⅱ线,220kV,,郓城站,0.0399967+j0.302975,0.11999+j0.875598,12.2,
221,郓潘Ⅱ线,220kV,,郓城站,0.04001+j0.303076,0.12003+j0.787997,20.02,
224,郓浒Ⅰ线,220kV,,郓城站,0.04+j0.303002,0.12+j0.908999,15.09,
240,郓三Ⅰ线,220kV,,郓城站,0.0399967+j0.302975,0.11999+j0.875598,12.2,
255,石长Ⅰ线,220kV,,长清站,0.0823525+j0.449766,0.189195+j1.3243,36.26,
257,长兴Ⅰ线,220kV,,长清站,0.0348033+j0.302428,0.0825085+j0.612861,41.18,
259,韶中Ⅰ线,220kV,,闻韶站,0.0467887+j0.278665,0.17926+j0.776125,26.22,
261,锦济线,220kV,,济南站,0.0709818+j0.391316,0.205152+j1.13089,9.88,
268,韶中Ⅱ线,220kV,,闻韶站,0.0467887+j0.278665,0.17926+j0.776125,26.22,
269,天绣Ⅰ线,220kV,,天衍站,0.0407194+j0.301833,0.111455+j0.627415,15.22,
270,韶康Ⅰ线,220kV,,闻韶站,0.0440954+j0.291773,0.139407+j0.632916,16.36,
271,长玫线,220kV,,长清站,0.0383045+j0.289803,0.151905+j0.669275,32.97,
273,韶清线,220kV,,闻韶站,0.0401509+j0.304138,0.12045+j0.790761,32.48,
276,济绣线,220kV,,济南站,0.0690235+j0.360141,0.207066+j0.936367,23.45,
279,长许Ⅱ线,220kV,,长清站,0.0399944+j0.302959,0.119983+j0.908878,18.01,
280,黄韶线,220kV,,闻韶站,0.075324+j0.403989,0.225973+j1.05037,66.83,
281,韶美线,220kV,,闻韶站,0.00998134+j0.264024,0.139866+j0.674565,32.16,
282,长文线,220kV,,长清站,0.0780505+j0.411679,0.234152+j1.23505,5.54,
283,济飞Ⅰ线,220kV,,济南站,0.0399662+j0.302792,0.119898+j0.787259,5.91,
287,长许Ⅰ线,220kV,,长清站,0.039989+j0.302926,0.119972+j0.908782,18.15,
291,长党线,220kV,,长清站,0.076528+j0.406837,0.229584+j1.05778,35.57,
294,龙姚Ⅰ线,220kV,蟠龙站,,0.0218502+j0.190512,0.110966+j0.4837,22.16,
296,韶康Ⅱ线,220kV,,闻韶站,0.0440954+j0.291773,0.139407+j0.632916,16.36,
299,天绣Ⅱ线,220kV,,天衍站,0.0407194+j0.301833,0.111455+j0.627415,15.22,
302,石长Ⅱ线,220kV,,长清站,0.0780858+j0.417654,0.234257+j1.0859,36.37,
306,龙脉线,220kV,,蟠龙站,0.0378713+j0.301571,0.208339+j0.821179,27.81,
308,济飞Ⅱ线,220kV,,济南站,0.0651227+j0.374812,0.195368+j0.974517,6.11,
313,石长Ⅳ线,220kV,,长清站,0.0526998+j0.306283,0.172004+j0.715196,35.78,
315,长兴Ⅱ线,220kV,,长清站,0.0348033+j0.302428,0.0825085+j0.612861,41.18,
319,上运Ⅰ线,220kV,,汶上站,0.0528593+j0.350802,0.260212+j0.762413,13.22,
334,上红Ⅰ线,220kV,汶上站,,0.0420843+j0.315121,0.107061+j0.630664,17.32,
339,上都线,220kV,,汶上站,0.0533065+j0.31864,0.255647+j0.806992,21.11,
356,上安Ⅱ线,220kV,,汶上站,0.0399961+j0.302977,0.119992+j0.787738,25.6,
363,上安Ⅰ线,220kV,,汶上站,0.0400039+j0.303022,0.120008+j0.78786,25.61,
365,上红Ⅱ线,220kV,汶上站,,0.0420843+j0.315121,0.107061+j0.630664,17.32,
368,鲁双Ⅱ线,220kV,,鲁中站,0.0393058+j0.299043,0.120038+j0.624522,5.33,
376,城鲁线,220kV,,鲁中站,0.0765877+j0.409039,0.281961+j0.913676,29.98,
377,鲁双Ⅰ线,220kV,,鲁中站,0.0393058+j0.299043,0.120038+j0.624522,5.33,
384,鲁棋Ⅰ线,220kV,,鲁中站,0.0400794+j0.303492,0.120198+j0.910437,2.52,
389,聊亭线,220kV,,聊城站,0.0780009+j0.41,0.234+j1.23,42.87,
392,聊桥Ⅱ线,220kV,,聊城站,0.0377394+j0.320441,0.203883+j0.830452,37.6,
393,聊谭Ⅰ线,220kV,,聊城站,0.0395018+j0.303,0.118505+j0.909,28.5,
399,聊岳Ⅰ线,220kV,,聊城站,0.0396481+j0.332584,0.165408+j0.72206,11.65,
400,聊岳Ⅱ线,220kV,,聊城站,0.0378197+j0.33606,0.151579+j0.736343,11.65,
401,聊庞线,220kV,,聊城站,0.0779943+j0.409977,0.233986+j1.22993,34.95,
402,堂聊Ⅰ线,220kV,,聊城站,0.0224599+j0.26715,0.186249+j0.733231,13.09,
406,聊谭Ⅱ线,220kV,,聊城站,0.0395014+j0.302992,0.118504+j0.908975,36.1,
407,聊蒋Ⅱ线,220kV,,聊城站,0.04+j0.303,0.12+j0.87567,15.1,
409,聊桥Ⅰ线,220kV,,聊城站,0.0781107+j0.412055,0.234332+j1.23616,37.95,
412,聊汇线,220kV,,聊城站,0.0399953+j0.302973,0.119988+j0.908915,42.59,
417,堂聊Ⅱ线,220kV,,聊城站,0.0292015+j0.260837,0.177414+j0.704335,13.15,
426,聊尚线,220kV,,聊城站,0.0417714+j0.310587,0.207586+j0.783919,36.13,
428,聊蒋Ⅰ线,220kV,,聊城站,0.04+j0.303,0.12+j0.87567,15.1,
432,聊石线,220kV,,聊城站,0.0429992+j0.316317,0.173743+j0.718399,36.41,
439,蒙临Ⅱ线,220kV,,沂蒙站,0.0643915+j0.410351,0.231187+j1.07252,30.24,
440,蒙临Ⅰ线,220kV,,沂蒙站,0.0618932+j0.404124,0.22234+j1.04529,32.01,
442,费蒙Ⅱ线,220kV,,沂蒙站,0.0348003+j0.303769,0.10729+j0.744527,44.31,
449,蒙太线,220kV,,沂蒙站,0.0684449+j0.383059,0.205335+j0.995956,27.2,
461,费蒙Ⅰ线,220kV,,沂蒙站,0.0348003+j0.303769,0.10729+j0.744527,44.31,
462,蒙相Ⅰ线,220kV,,沂蒙站,0.0672875+j0.444278,0.2566+j0.956962,27.65,
471,蒙天Ⅰ线,220kV,,沂蒙站,0.0386311+j0.300438,0.227592+j0.860127,53.62,
473,蒙柳Ⅰ线,220kV,,沂蒙站,0.04+j0.303001,0.181199+j0.795981,14.43,
479,蒙柳Ⅱ线,220kV,,沂蒙站,0.04+j0.303001,0.181199+j0.795981,14.43,
481,蒙天Ⅱ线,220kV,,沂蒙站,0.0386311+j0.300438,0.227592+j0.860127,53.62,
487,蒙阳Ⅰ线,220kV,,沂蒙站,0.0662614+j0.43447,0.276836+j1.37359,36.35,
490,蒙阳Ⅱ线,220kV,,沂蒙站,0.0772665+j0.407608,0.231802+j1.22283,33.4,
502,崂旺II线,220kV,,崂山站,0.0460045+j0.331828,0.242867+j0.835214,22.15,
503,东上II线,220kV,,胶东站,0.0390422+j0.303022,0.167423+j0.747848,35.08,
505,崂李线,220kV,,崂山站,0.0352423+j0.30109,0.0962207+j0.671922,43.13,
506,阳桥线,220kV,,莱阳站,0.0390619+j0.295894,0.117186+j0.769324,37.14,
507,崂旺I线,220kV,,崂山站,0.0460045+j0.331828,0.242867+j0.835214,22.15,
508,东官II线,220kV,,胶东站,0.0460122+j0.302494,0.103837+j0.579779,21.29,
515,东官I线,220kV,,胶东站,0.0460771+j0.302921,0.103984+j0.580597,21.26,
518,崂空线,220kV,,崂山站,0.0773786+j0.314194,0.229553+j0.639369,20.6,
519,泽林II线,220kV,,大泽站,0.0349728+j0.301089,0.180973+j0.739735,12.85,
520,崂虎线,220kV,,崂山站,0.0429849+j0.30069,0.128955+j0.781793,38.11,
523,潍林线,220kV,,潍坊站,0.0682146+j0.418541,0.231726+j1.09721,65.53,
526,泽唐II线,220kV,,大泽站,0.0435944+j0.300441,0.217194+j0.630928,19.28,
527,崂平线,220kV,,崂山站,0.0795326+j0.45081,0.271391+j0.979269,26.53,
530,崂广Ⅰ线,220kV,,崂山站,0.0530239+j0.352598,0.180451+j0.743825,11.74,
531,琅董I线,220kV,,琅琊站,0.0251276+j0.277221,0.257982+j0.855529,50.55,
533,岛琅I线,220kV,,琅琊站,0.0197577+j0.276629,0.0592766+j0.829882,28.06,
534,琅胶线,220kV,,琅琊站,0.0453004+j0.299514,0.160384+j0.683713,39.11,
536,岛琅Ⅱ线,220kV,,琅琊站,0.0197577+j0.276629,0.0592766+j0.829882,28.06,
537,泽平II线,220kV,,大泽站,0.0391375+j0.300343,0.0944356+j0.575921,30.03,
539,琅董II线,220kV,,琅琊站,0.0262384+j0.289475,0.269387+j0.893349,48.41,
540,琅匡Ⅲ线,220kV,,琅琊站,0.0394869+j0.315052,0.156702+j0.697375,25.14,
541,东匡II线,220kV,,胶东站,0.0367127+j0.302003,0.201437+j0.787326,21.02,
544,东匡Ⅰ线,220kV,,胶东站,0.0367127+j0.302003,0.201437+j0.787322,21.02,
545,泽平Ⅰ线,220kV,,大泽站,0.0391375+j0.300343,0.0944356+j0.575921,30.03,
546,崂即II线,220kV,,崂山站,0.0876686+j0.420167,0.290559+j1.2553,15.57,
547,琅庄II线,220kV,,琅琊站,0.0334785+j0.282526,0.33043+j0.783887,18.37,
548,崂黄线,220kV,,崂山站,0.0562987+j0.336189,0.185506+j1.35561,21.83,
550,崂即I线,220kV,,崂山站,0.0787188+j0.503062,0.29875+j1.35487,16,
553,泽唐I线,220kV,,大泽站,0.0435944+j0.300441,0.217194+j0.630928,19.28,
554,琅庄Ⅰ线,220kV,,琅琊站,0.0929739+j0.339325,0.272331+j1.05664,18.36,
556,阳桥Ⅰ线,220kV,莱阳站,,0.0515189+j0.383445,0.250383+j0.978596,37.33,
560,崂马Ⅰ线,220kV,,崂山站,0.03457+j0.2414,0.2043+j0.6871,5.93,
561,琅珠I线,220kV,,琅琊站,0.045046+j0.300987,0.221722+j0.814001,32.64,
562,崂马Ⅱ线,220kV,,崂山站,0.03457+j0.2414,0.2043+j0.6871,5.93,
564,琅珠线,220kV,,琅琊站,0.0447357+j0.299187,0.143596+j0.687107,32.73,
566,泽林I线,220kV,,大泽站,0.0349728+j0.301089,0.180973+j0.739735,12.85,
568,崂挪线,220kV,崂山站,,0.0450017+j0.299213,0.135005+j0.777953,7.03,
571,东上I线,220kV,,胶东站,0.0390422+j0.303022,0.167423+j0.747848,35.08,
577,照贤Ⅰ线,220kV,,日照站,0.04+j0.303,0.12+j0.7878,48,
579,照莲Ⅱ线,220kV,,日照站,0.0400051+j0.303032,0.120013+j0.909094,39.18,
580,照海Ⅱ线,220kV,,日照站,0.0817203+j0.441686,0.369006+j1.50443,20.52,
581,照贤Ⅱ线,220kV,,日照站,0.04+j0.303,0.12+j0.7878,48,
592,照海Ⅰ线,220kV,,日照站,0.059995+j0.329965,0.17998+j0.9899,20.04,
593,照村Ⅱ线,220kV,,日照站,0.0554763+j0.300255,0.123943+j0.62025,19.63,
598,照莲Ⅰ线,220kV,,日照站,0.0817307+j0.441731,0.36904+j1.5046,37.5,
603,照秦线,220kV,日照站,,0.054+j0.308,0.162+j0.800799,26.3,
604,照村Ⅰ线,220kV,,日照站,0.0554763+j0.300255,0.123943+j0.62025,19.63,
605,泰汶Ⅰ线,220kV,,泰山站,0.0364667+j0.338152,0.247534+j0.86153,16.67,
607,岱金线,220kV,,岱宗站,0.0505579+j0.304944,0.219027+j0.850096,25.99,
609,蓄泰Ⅰ线,220kV,,泰山站,0.0253592+j0.222989,0.0583099+j0.502838,36.33,
610,泰红线,220kV,,泰山站,0.04+j0.302967,0.119989+j0.908902,9.47,
617,安泰线,220kV,泰山站,,0.0489933+j0.322819,0.162192+j0.732472,8.94,
627,岱李II线,220kV,,岱宗站,0.0370538+j0.289467,0.244672+j0.812556,37.71,
628,岱肥II线,220kV,,岱宗站,0.0370637+j0.302782,0.233237+j0.806285,38.28,
641,泰楼线,220kV,,泰山站,0.0399773+j0.30286,0.119943+j0.787446,8.81,
645,岱五Ⅱ线,220kV,,岱宗站,0.0362397+j0.278521,0.206671+j0.779726,14.6,
647,泰东线,220kV,,泰山站,0.0400023+j0.303018,0.120007+j0.87572,35.09,
649,岱五Ⅰ线,220kV,,岱宗站,0.0437466+j0.301158,0.209479+j0.772397,14.6,
650,岱李I线,220kV,,岱宗站,0.0388659+j0.290837,0.247713+j0.814874,37.65,
653,泰岳线,220kV,,泰山站,0.0394311+j0.30358,0.175735+j0.728076,21.62,
654,蓄泰Ⅱ线,220kV,,泰山站,0.0253592+j0.222989,0.0583099+j0.502838,36.33,
655,岱佛线,220kV,,岱宗站,0.0401227+j0.303715,0.240279+j0.812935,39.11,
657,岱肥I线,220kV,,岱宗站,0.0394973+j0.301935,0.228713+j0.800761,38.39,
658,泰红Ⅱ线,220kV,,泰山站,0.04+j0.303,0.12+j0.87567,9.7,
660,昆银线,220kV,昆嵛站,,0.0373522+j0.306283,0.249451+j0.852566,56.5,
662,昆杜线,220kV,昆嵛站,,0.0387398+j0.302738,0.196665+j0.751242,43.09,
663,昆正线,220kV,,昆嵛站,0.0406561+j0.302187,0.125214+j0.681994,35.21,
667,昆荣线,220kV,昆嵛站,,0.0395666+j0.306116,0.220761+j0.837154,41.53,
671,昆兰线,220kV,,昆嵛站,0.0400812+j0.305993,0.181605+j0.719413,41.88,
672,昆石线,220kV,昆嵛站,,0.0360498+j0.306117,0.261579+j0.888118,38.58,
673,昆文线,220kV,昆嵛站,,0.0385735+j0.302537,0.238711+j0.81579,27.55,
678,昆车线,220kV,昆嵛站,,0.0959001+j0.40745,0.330579+j1.0437,60.27,
680,威昆Ⅰ线,220kV,,昆嵛站,0.0417107+j0.316637,0.336328+j0.585966,51.09,
681,昆泽Ⅰ线,220kV,昆嵛站,,0.03962+j0.30109,0.281856+j0.807682,18.16,
683,威昆线,220kV,,昆嵛站,0.0817237+j0.387621,0.24493+j0.866286,47.34,
687,昆泽Ⅱ线,220kV,昆嵛站,,0.03962+j0.30109,0.281856+j0.807682,18.16,
693,寿央Ⅱ线,220kV,,寿光站,0.0365917+j0.292118,0.148249+j0.661077,8.45,
694,寿平Ⅰ线,220kV,,寿光站,0.0437529+j0.298888,0.183645+j0.74383,12.95,
695,益桂Ⅰ线,220kV,,益都站,0.0374793+j0.287442,0.173941+j0.721986,34.99,
698,益郑Ⅱ线,220kV,,益都站,0.0448+j0.29972,0.212767+j0.7667,15,
700,密怡Ⅱ线,220kV,,密州站,0.0384826+j0.300601,0.240295+j0.797748,18.65,
701,益桂Ⅱ线,220kV,,益都站,0.0374793+j0.287442,0.173941+j0.721986,34.99,
703,坊潍Ⅲ线,220kV,,潍坊站,0.0601141+j0.360361,0.180342+j1.00003,11.44,
705,潍寒Ⅰ线,220kV,,潍坊站,0.0438818+j0.303818,0.216134+j0.73738,12.52,
706,坊潍Ⅱ线,220kV,,潍坊站,0.0426354+j0.336763,0.212708+j0.911083,8.31,
710,密宏Ⅱ线,220kV,,密州站,0.0408843+j0.291262,0.227448+j0.778269,23.86,
712,益郑Ⅰ线,220kV,,益都站,0.0448+j0.29972,0.212767+j0.7667,15,
716,寿海Ⅱ线,220kV,,寿光站,0.0394233+j0.298312,0.151724+j0.671424,30.69,
717,益田线,220kV,益都站,,0.0563069+j0.347348,0.177788+j0.792072,47.25,
720,密宏Ⅰ线,220kV,,密州站,0.0408843+j0.291262,0.227448+j0.778269,23.86,
730,潍寒Ⅱ线,220kV,,潍坊站,0.0438818+j0.303818,0.216134+j0.73738,12.52,
731,密安线,220kV,,密州站,0.0760628+j0.417129,0.31385+j0.96971,29.64,
734,益延线,220kV,,益都站,0.0534411+j0.38751,0.18597+j0.782625,20.72,
736,东高Ⅱ线,220kV,,胶东站,0.036034+j0.293387,0.174938+j0.731597,12.96,
737,寿平Ⅱ线,220kV,,寿光站,0.0437529+j0.298888,0.183645+j0.74383,12.95,
739,益青Ⅱ线,220kV,,益都站,0.0399959+j0.302969,0.119988+j0.908907,9.7,
741,寿丰Ⅰ线,220kV,寿光站,,0.0382946+j0.301516,0.157304+j0.656245,11.61,
742,寿央Ⅰ线,220kV,,寿光站,0.0365917+j0.292118,0.148249+j0.661077,8.45,
745,潍五线,220kV,,潍坊站,0.0399886+j0.302896,0.119954+j0.787526,9,
752,临郑线,220kV,,临淄站,0.0658491+j0.376848,0.197547+j1.06088,25.85,
753,益弥线,220kV,,益都站,0.039837+j0.305,0.218314+j0.775778,37.66,
756,密栗线,220kV,,密州站,0.0423517+j0.306235,0.209125+j0.796374,33.04,
757,潍昌Ⅰ线,220kV,,潍坊站,0.0880655+j0.414304,0.296596+j1.0897,23.21,
758,潍昌Ⅱ线,220kV,,潍坊站,0.04+j0.303012,0.120004+j0.787832,25,
761,益盘线,220kV,,益都站,0.0402639+j0.309505,0.200263+j0.812205,43.77,
762,寿田线,220kV,,寿光站,0.0749475+j0.579122,0.35473+j1.31682,13.32,
769,益宝线,220kV,,益都站,0.0732293+j0.398029,0.219688+j1.19408,25.8,
773,坊密线,220kV,,密州站,0.0392517+j0.312241,0.227517+j0.822028,70.56,
775,寿海Ⅰ线,220kV,,寿光站,0.0394233+j0.298312,0.151724+j0.671424,30.69,
778,密万线,220kV,,密州站,0.0769254+j0.410436,0.260401+j0.852318,19.97,
779,坊潍Ⅰ线,220kV,,潍坊站,0.0433762+j0.342664,0.216437+j0.927033,8.56,
780,寿丰Ⅱ线,220kV,,寿光站,0.0382946+j0.301516,0.157304+j0.656245,11.61,
781,密怡Ⅰ线,220kV,,密州站,0.0384826+j0.300601,0.240295+j0.797748,18.65,
782,益青Ⅰ线,220kV,,益都站,0.0399959+j0.302969,0.119988+j0.908907,9.7,
783,东高线,220kV,,胶东站,0.0399983+j0.302985,0.119993+j0.787762,60.4,
784,阳古Ⅰ线,220kV,莱阳站,,0.0529987+j0.352999,0.275997+j0.745997,22.61,
790,牟宁Ⅱ线,220kV,牟平站,,0.04+j0.303,0.12+j0.7878,18.7,
791,光路Ⅱ线,220kV,光州站,,0.0399987+j0.30299,0.119996+j0.908969,29.65,
796,阳发Ⅰ线,220kV,莱阳站,,0.0454823+j0.322663,0.251671+j0.860874,32.14,
799,牟成Ⅰ线,220kV,,牟平站,0.0416169+j0.29963,0.106205+j0.606742,16.76,
802,牟义线,220kV,,牟平站,0.039999+j0.302992,0.119997+j0.78778,39.97,
806,光掖Ⅱ线,220kV,光州站,,0.0400198+j0.30315,0.120059+j0.788189,8.1,
812,光路Ⅰ线,220kV,光州站,,0.0399987+j0.30299,0.119996+j0.908969,29.65,
815,光里Ⅱ线,220kV,,光州站,0.0370793+j0.303062,0.183345+j0.71856,24.72,
818,光掖Ⅰ线,220kV,光州站,,0.0399803+j0.302851,0.119941+j0.787412,8.12,
821,霞粟Ⅰ线,220kV,栖霞站,,0.0373962+j0.266641,0.259811+j0.804698,5.3,
825,阳桃Ⅱ线,220kV,莱阳站,,0.0480772+j0.326168,0.232469+j0.947524,53.53,
827,霞沈Ⅰ线,220kV,栖霞站,,0.0661483+j0.377617,0.198445+j1.13285,31.81,
828,霞福线,220kV,栖霞站,,0.0347657+j0.41085,0.143733+j1.17348,32.23,
847,阳桃Ⅰ线,220kV,莱阳站,,0.0489101+j0.329289,0.232469+j0.947524,53.53,
849,阳山Ⅰ线,220kV,莱阳站,,0.0389543+j0.299243,0.227852+j0.7947,28.02,
852,阳古Ⅱ线,220kV,莱阳站,,0.0526979+j0.355997,0.275002+j0.729898,22.61,
853,霞粟Ⅱ线,220kV,栖霞站,,0.0373962+j0.266641,0.259811+j0.804698,5.3,
855,霞沙线,220kV,栖霞站,,0.0515545+j0.336052,0.154664+j0.873736,47.41,
858,阳发Ⅱ线,220kV,莱阳站,,0.0454823+j0.322663,0.251671+j0.860874,32.14,
859,光里Ⅰ线,220kV,,光州站,0.0370793+j0.303062,0.183345+j0.71856,24.72,
861,阳山Ⅱ线,220kV,莱阳站,,0.0389543+j0.299243,0.227852+j0.7947,28.02,
864,牟竹线,220kV,,牟平站,0.0480855+j0.324995,0.144314+j0.841209,57.56,
867,牟成Ⅱ线,220kV,,牟平站,0.0416169+j0.29963,0.106205+j0.606742,16.76,
869,霞义线,220kV,栖霞站,,0.0705009+j0.390237,0.232653+j1.10827,33.7,
872,牟宁Ⅰ线,220kV,牟平站,,0.04+j0.303,0.12+j0.7878,18.7,
875,枣湖线,220kV,枣庄站,,0.0398818+j0.303466,0.126616+j0.888458,38.06,
879,枣墨Ⅱ线,220kV,,枣庄站,0.0348871+j0.301558,0.24546+j0.823474,17.27,
884,枣墨Ⅰ线,220kV,,枣庄站,0.0348871+j0.301558,0.24546+j0.823474,17.27,
888,枣泽Ⅱ线,220kV,,枣庄站,0.0295763+j0.240109,0.227892+j0.775367,18.41,
896,枣奚Ⅱ线,220kV,,枣庄站,0.0378286+j0.280411,0.153799+j0.724793,27.77,
898,枣杜线,220kV,枣庄站,,0.0569075+j0.300558,0.228421+j0.766337,39.45,
903,枣铁线,220kV,枣庄站,,0.0376242+j0.311677,0.294581+j1.16315,6.44,
909,枣泽Ⅰ线,220kV,,枣庄站,0.0295763+j0.240109,0.227892+j0.775367,18.41,
911,枣滕Ⅰ线,220kV,枣庄站,,0.0597176+j0.366022,0.240663+j0.865071,16.29,
912,枣奚Ⅰ线,220kV,,枣庄站,0.0378286+j0.280411,0.153799+j0.724793,27.77,
915,枣滕Ⅱ线,220kV,枣庄站,,0.0597176+j0.366022,0.240663+j0.865071,16.29,
917,川法Ⅱ线,220kV,,淄川站,0.0407641+j0.309654,0.19517+j0.819236,17.93,
919,淄天线,220kV,,淄博站,0.0415492+j0.299022,0.174676+j0.743072,53.19,
920,川峪Ⅱ线,220kV,,淄川站,0.04+j0.303,0.12+j0.909001,27.22,
921,川冲Ⅱ线,220kV,,淄川站,0.0400029+j0.303022,0.120009+j0.909066,9.56,
922,城川Ⅱ线,220kV,淄川站,,0.0400044+j0.303034,0.120013+j0.9091,45.88,
927,临古Ⅰ线,220kV,,临淄站,0.0399821+j0.302864,0.119946+j0.908593,8.94,
930,淄齐Ⅱ线,220kV,,淄博站,0.05764+j0.387147,0.150387+j0.902932,7.5,
934,鲁源Ⅰ线,220kV,,鲁中站,0.0693117+j0.414182,0.21318+j0.894829,28.62,
936,淄付线,220kV,,淄博站,0.0517692+j0.376142,0.273858+j1.23054,16.9,
937,川山线,220kV,,淄川站,0.0399952+j0.302964,0.119986+j0.908891,8.36,
941,临吴线,220kV,,临淄站,0.0419857+j0.318621,0.198501+j0.908996,23.89,
942,淄桓Ⅰ线,220kV,,淄博站,0.0447416+j0.29273,0.176432+j0.692926,14.32,
945,辛临线,220kV,,临淄站,0.0399837+j0.293822,0.162076+j0.686487,24.89,
946,川付线,220kV,,淄川站,0.0399955+j0.302966,0.119986+j0.908897,28.65,
949,川冲Ⅰ线,220kV,,淄川站,0.0400029+j0.303022,0.120009+j0.909066,9.56,
952,鲁源Ⅱ线,220kV,,鲁中站,0.0396673+j0.337678,0.276557+j0.887926,28.55,
954,川涯线,220kV,,淄川站,0.0434111+j0.30448,0.189947+j0.775226,26.56,
960,城川Ⅰ线,220kV,淄川站,,0.0400022+j0.303019,0.120009+j0.909058,46.4,
961,临古Ⅱ线,220kV,,临淄站,0.0399821+j0.302864,0.119946+j0.908593,8.94,
963,临营Ⅰ线,220kV,,临淄站,0.0564303+j0.367416,0.205517+j1.0043,16.64,
964,淄桓Ⅱ线,220kV,,淄博站,0.0410915+j0.311292,0.123283+j0.933876,12.46,
965,淄烯线,220kV,,淄博站,0.0845733+j0.451719,0.229526+j0.839426,32.93,
967,临营Ⅱ线,220kV,,临淄站,0.0564303+j0.367416,0.205517+j1.0043,16.64,
972,淄果线,220kV,,淄博站,0.0757322+j0.405209,0.227218+j1.05354,4.78,
974,川峪Ⅰ线,220kV,,淄川站,0.0399971+j0.302978,0.119991+j0.909063,29.08,
975,川法Ⅰ线,220kV,,淄川站,0.0418461+j0.309509,0.198371+j0.789743,17.93,
979,淄岭线,220kV,,淄博站,0.0680081+j0.393732,0.204024+j1.02371,23.76,
1389,潍宋Ⅱ线,220kV,,潍坊站,0.0399984+j0.302988,0.119995+j0.787769,25.43,
1390,潍宋Ⅰ线,220kV,,潍坊站,0.0399984+j0.302988,0.119995+j0.787769,25.43,
1395,上高线,220kV,汶上站,,0.0488193+j0.322152,0.126929+j0.837596,28.95,
1396,鲁鹏线,220kV,,鲁中站,0.0444869+j0.291479,0.255699+j0.785972,18.32,
1399,鲁鹏Ⅱ线,220kV,,鲁中站,0.0501363+j0.291069,0.343441+j0.829607,18.34,
1411,鲁悦线,220kV,,鲁中站,0.0331778+j0.29437,0.209685+j0.798981,54,
1414,核崂Ⅱ线,500kV,,崂山站,0.0144449+j0.283019,0.158333+j0.813726,126.91,
1415,核泽Ⅱ线,500kV,,大泽站,0.0128643+j0.265783,0.127247+j0.773902,150.51,
1416,核泽Ⅰ线,500kV,,大泽站,0.0128643+j0.265783,0.127247+j0.773902,150.51,
1417,核崂Ⅰ线,500kV,,崂山站,0.0112746+j0.258838,0.14513+j0.778249,132.04,
1418,龙兴线,220kV,,蟠龙站,0.0392362+j0.313091,0.117709+j0.814035,73.06,
1421,龙姚II线,220kV,,蟠龙站,0.0218502+j0.190512,0.110966+j0.4837,22.16,
1422,龙文线,220kV,,蟠龙站,0.0490629+j0.362222,0.186822+j0.846679,57.52,
1423,鲁铁线,220kV,,鲁中站,0.0436111+j0.30604,0.301673+j0.889341,15.48,
1430,龙志I线,220kV,,蟠龙站,0.0197149+j0.238466,0.0567587+j0.463791,16.66,
1431,龙志II线,220kV,,蟠龙站,0.0197149+j0.238466,0.0567587+j0.463791,16.66,
1438,油稻Ⅰ线,220kV,油城站,,0.0378667+j0.311646,0.150733+j0.715542,24,
1439,油稻Ⅱ线,220kV,油城站,,0.0378667+j0.311646,0.150733+j0.715542,24,
1442,牟北线,220kV,,牟平站,0.04+j0.303,0.12+j0.8484,50.68,
1445,鲁棋Ⅱ线,火电厂,,鲁中站,0+j22005,0+j0,28054,
1452,羊寿I线,500kV,寿光站,,0.015+j0.26,0.187+j0.718,40.95,
2298,220kV1A母线,220kV,泰山站,,0+j0,0+j0,0,
2299,220kV1B母线,220kV,泰山站,,0+j0,0+j0,0,
2300,220kV2A母线,220kV,泰山站,,0+j0,0+j0,0,
2301,220kV2B母线,220kV,泰山站,,0+j0,0+j0,0,
2316,500kV#3母线,500kV,潍坊站,,0+j0,0+j0,0,
2317,500kV#4母线,500kV,潍坊站,,0+j0,0+j0,0,
2318,500kV#5A母线,500kV,潍坊站,,0+j0,0+j0,0,
2319,500kV#5B母线,500kV,潍坊站,,0+j0,0+j0,0,
2336,220kV#3母线,220kV,沂蒙站,,0+j0,0+j0,0,
2337,220kV#4母线,220kV,沂蒙站,,0+j0,0+j0,0,
2360,220kV#1母线,220kV,淄博站,,0+j0,0+j0,0,
2387,1A,220kV,崂山站,,0+j0,0+j0,0,
2388,1B,220kV,崂山站,,0+j0,0+j0,0,
2389,2A,220kV,崂山站,,0+j0,0+j0,0,
2390,2B,220kV,崂山站,,0+j0,0+j0,0,
2396,220kV#2母线,220kV,汶上站,,0+j0,0+j0,0,
3515,011B,500kV,胶东站,,0+j0,0+j0,0,
3516,012B,500kV,胶东站,,0+j0,0+j0,0,
3517,021B,500kV,胶东站,,0+j0,0+j0,0,
3518,022B,500kV,胶东站,,0+j0,0+j0,0,
6153, 21F,220kV,滨州站,,0+j0,0+j0,0,
6165,220A,220kV,滨州站,,0+j0,0+j0,0,
6166,220B,220kV,滨州站,,0+j0,0+j0,0,
6235,501DK,500kV,长清站,,0+j0,0+j0,0,
6813,21F-1CT,220kV,密州站,,0+j0,0+j0,0,
6896,1000kV泉乐Ⅰ线T013开关,1000kV,泉城站,,0+j0,0+j0,0,
6897,1000kV泉乐Ⅱ线T021开关,1000kV,泉城站,,0+j0,0+j0,0,
6901,T041,1000kV,泉城站,,0+j0,0+j0,0,
6902,T042,1000kV,泉城站,,0+j0,0+j0,0,
6903,T051,1000kV,泉城站,,0+j0,0+j0,0,
6904,T052,1000kV,泉城站,,0+j0,0+j0,0,
6905,T053,1000kV,泉城站,,0+j0,0+j0,0,
6906,T062,1000kV,泉城站,,0+j0,0+j0,0,
6907,T063,1000kV,泉城站,,0+j0,0+j0,0,
6967,开关12,220kV,寿光站,,0+j0,0+j0,0,
7039,5003,500kV,潍坊站,,0+j0,0+j0,0,
7041,5024,500kV,潍坊站,,0+j0,0+j0,0,
7042,5034,500kV,潍坊站,,0+j0,0+j0,0,
7045,5054,500kV,潍坊站,,0+j0,0+j0,0,
7046,5056,500kV,潍坊站,,0+j0,0+j0,0,
7047,5057,500kV,潍坊站,,0+j0,0+j0,0,
7105,2001,220kV,沂蒙站,,0+j0,0+j0,0,
7106,2002,220kV,沂蒙站,,0+j0,0+j0,0,
7107,2003,220kV,沂蒙站,,0+j0,0+j0,0,
7108,2004,220kV,沂蒙站,,0+j0,0+j0,0,
7114,2100,220kV,沂蒙站,,0+j0,0+j0,0,
7116,2120,220kV,沂蒙站,,0+j0,0+j0,0,
7117,2130,220kV,沂蒙站,,0+j0,0+j0,0,
7124,2240,220kV,沂蒙站,,0+j0,0+j0,0,
7125,2340,220kV,沂蒙站,,0+j0,0+j0,0,
7163,5004,500kV,益都站,,0+j0,0+j0,0,
7243,2211,220kV,淄博站,,0+j0,0+j0,0,
7244,2212,220kV,淄博站,,0+j0,0+j0,0,
7245,2213,220kV,淄博站,,0+j0,0+j0,0,
7246,2221,220kV,淄博站,,0+j0,0+j0,0,
7247,2222,220kV,淄博站,,0+j0,0+j0,0,
7248,2223,220kV,淄博站,,0+j0,0+j0,0,
7249,2231,220kV,淄博站,,0+j0,0+j0,0,
7250,2232,220kV,淄博站,,0+j0,0+j0,0,
7251,2233,220kV,淄博站,,0+j0,0+j0,0,
7252,2241,220kV,淄博站,,0+j0,0+j0,0,
7253,2242,220kV,淄博站,,0+j0,0+j0,0,
7254,2251,220kV,淄博站,,0+j0,0+j0,0,
7255,2252,220kV,淄博站,,0+j0,0+j0,0,
7256,2253,220kV,淄博站,,0+j0,0+j0,0,
7257,2261,220kV,淄博站,,0+j0,0+j0,0,
7258,2262,220kV,淄博站,,0+j0,0+j0,0,
7259,2263,220kV,淄博站,,0+j0,0+j0,0,
7271,开关20,220kV,淄博站,,0+j0,0+j0,0,
7394,205,220kV,崂山站,,0+j0,0+j0,0,
7395,206,220kV,崂山站,,0+j0,0+j0,0,
7396,207,220kV,崂山站,,0+j0,0+j0,0,
7397,208,220kV,崂山站,,0+j0,0+j0,0,
7398,209,220kV,崂山站,,0+j0,0+j0,0,
7399,210,220kV,崂山站,,0+j0,0+j0,0,
7410,5001,500kV,崂山站,,0+j0,0+j0,0,
7411,5002,500kV,崂山站,,0+j0,0+j0,0,
8849,兰张Ⅱ线,220kV,兰陵站,,0.041835+j0.300415,0.191914+j0.730084,22.67,
8850,兰宝线,220kV,,兰陵站,0.0636147+j0.365487,0.287054+j1.14787,19.26,
8851,兰张Ⅰ线,220kV,,兰陵站,0.0817358+j0.293272,0.198573+j0.779228,24.6,
8853,崂瑞线,220kV,崂山站,,0.0415365+j0.294792,0.109279+j0.586953,38.4,
8855,琅贡线,220kV,,琅琊站,0.025633+j0.278101,0.240884+j0.821525,60.75,
8856,岱山Ⅱ线,220kV,,岱宗站,0.0364478+j0.298086,0.212432+j0.81216,16.48,
8865,淄渔线,220kV,,淄博站,0.0447558+j0.304729,0.134267+j0.855957,19.13,
8866,淄齐Ⅰ线,220kV,,淄博站,0.0576133+j0.38688,0.150347+j0.908883,7.75,
8867,淄位线,220kV,淄博站,,0.0668854+j0.365216,0.200656+j1.06521,9.44,
8869,油海II线,500kV,海口站,油城站,0.0149735+j0.263958,0.0489126+j0.497232,98.26,
8870,莱鲁Ⅰ线,500kV,鲁中站,,0.019999+j0.279986,0.0651968+j0.727964,40.22,
8871,莱鲁Ⅱ线,500kV,鲁中站,,0.019999+j0.279986,0.0651968+j0.727964,40.22,
8872,皇文Ⅱ线,500kV,,文亭站,0.0121854+j0.25667,0.0503708+j0.499493,54.2,
8873,皇文Ⅰ线,500kV,,文亭站,0.0121854+j0.25667,0.0503708+j0.499493,54.2,
8874,油海Ⅰ线,500kV,海口站,油城站,0.0149735+j0.263958,0.0489126+j0.497232,98.26,
8875,滨杜线,220kV,,滨州站,0.0405244+j0.30112,0.1459+j0.691108,41.95,
8876,海港Ⅰ线,220kV,,海口站,0.0245182+j0.28903,0.124471+j0.718136,31.65,
8877,海港Ⅱ线,220kV,,海口站,0.0247836+j0.286676,0.123618+j0.712733,31.65,
8878,文四Ⅰ线,220kV,,文亭站,0.0378127+j0.291374,0.175409+j0.71175,27.66,
8879,文蔡Ⅱ线,220kV,,文亭站,0.0380177+j0.291742,0.166316+j0.740753,27.09,
8880,文曹Ⅱ线,220kV,,文亭站,0.0374286+j0.294227,0.173627+j0.748309,34.3,
8881,文曹Ⅰ线,220kV,,文亭站,0.041+j0.30105,0.187671+j0.739446,34.3,
8882,文党线,220kV,,文亭站,0.0422004+j0.308479,0.17127+j0.697496,22.36,
8883,文白线,220kV,,文亭站,0.0624163+j0.365489,0.197427+j0.966771,22.39,
8884,文蔡Ⅰ线,220kV,,文亭站,0.0375674+j0.298966,0.181809+j0.733296,27.09,
8886,文四Ⅱ线,220kV,,文亭站,0.0403037+j0.290694,0.184064+j0.712798,27.66,
8887,龙邢Ⅰ线,220kV,,蟠龙站,0.0295496+j0.295233,0.179635+j0.792616,16.32,
8888,龙邢Ⅱ线,220kV,,蟠龙站,0.0295496+j0.295233,0.179635+j0.792616,16.32,
8896,黄济线,220kV,,济南站,0.0751908+j0.403898,0.225568+j1.05013,22.27,
8901,霞嵛线,220kV,,栖霞站,0.0604316+j0.360545,0.181295+j0.937417,32.67,
8902,霞万Ⅰ线,220kV,栖霞站,,0.0434825+j0.29882,0.220861+j0.843376,37.53,
8904,霞新Ⅱ线,220kV,,栖霞站,0.0480151+j0.336814,0.228539+j0.892712,26.55,
8906,霞新Ⅰ线,220kV,,栖霞站,0.0399967+j0.303052,0.11999+j0.787932,29.88,
8907,霞万Ⅱ线,220kV,栖霞站,,0.0389671+j0.296511,0.218115+j0.830401,37.66,
8908,霞沈Ⅱ线,220kV,,栖霞站,0.0667716+j0.37942,0.200318+j0.986498,31.75,
8913,天清Ⅰ线,220kV,天衍站,,0.0438891+j0.285826,0.0995963+j0.562728,21.92,
8914,天清Ⅱ线,220kV,天衍站,,0.0438891+j0.285826,0.0995963+j0.562728,21.92,
8916,多集Ⅰ线,220kV,,金多站,0.0400389+j0.303295,0.104112+j0.788564,4.11,
8918,多集Ⅱ线,220kV,金多站,,0.0400389+j0.303295,0.104112+j0.788564,4.11,
8932,临秋Ⅰ线,220kV,,临淄站,0.040249+j0.285423,0.1837+j0.734308,25.3,
8933,临秋Ⅱ线,220kV,,临淄站,0.0398893+j0.285711,0.181672+j0.732095,25.3,
8935,益楼Ⅱ线,220kV,,益都站,0.0502643+j0.4163,0.197854+j0.95759,9.46,
8936,益楼Ⅰ线,220kV,,益都站,0.0507717+j0.417822,0.202082+j0.959323,9.46,
8937,万油Ⅰ线,220kV,,油城站,0.0151673+j0.228489,0.15618+j0.606842,9.8,
8946,巨照Ⅰ线,500kV,巨峰站,日照站,0.0139961+j0.262059,0.165033+j0.737434,36.01,
8947,巨照Ⅱ线,500kV,巨峰站,日照站,0.0139961+j0.262059,0.165033+j0.737434,36.01,
8968,泰丰线,220kV,,泰山站,0.040246+j0.303313,0.183798+j0.767527,41.05,
8969,新圣Ⅱ线,220kV,,新泰站,0.04+j0.303,0.189711+j0.7878,37.5,
8970,新圣Ⅰ线,220kV,,新泰站,0.04+j0.303,0.189416+j0.7878,37.5,
8971,兰苍线,220kV,,兰陵站,0.0731857+j0.402174,0.347486+j1.17374,18.36,
8972,新河Ⅱ线,220kV,,新泰站,0.04+j0.303,0.12+j0.87567,50.26,
8974,巨锦Ⅱ线,220kV,,巨峰站,0.0384168+j0.217419,0.115251+j0.652257,17.25,
8975,新云Ⅱ线,220kV,,新泰站,0.04+j0.303,0.12+j0.87567,38.13,
8976,新河Ⅰ线,220kV,,新泰站,0.04+j0.303,0.12+j0.87567,50.26,
8977,兰堰线,220kV,,兰陵站,0.0420453+j0.30696,0.228047+j0.814585,29.14,
8978,新温线,220kV,,新泰站,0.04+j0.303,0.12+j0.87567,36,
8979,兰郯线,220kV,,兰陵站,0.0409321+j0.306332,0.241764+j0.867092,36.8,
8980,新云Ⅰ线,220kV,,新泰站,0.04+j0.303,0.12+j0.87567,38.13,
8981,巨锦Ⅰ线,220kV,,巨峰站,0.0384168+j0.217419,0.115251+j0.652257,17.25,
8984,泽凤Ⅰ线,220kV,,大泽站,0.0448022+j0.303922,0.191673+j0.730218,15.57,
8985,泽凤Ⅱ线,220kV,,大泽站,0.0412524+j0.30113,0.103783+j0.57417,15.57,
8986,巨稍线,220kV,,巨峰站,0.0491962+j0.301439,0.159405+j0.978082,14.11,
8987,照峪线,220kV,,日照站,0.0702334+j0.413819,0.343161+j0.916377,15.51,
8990,巨东线,220kV,,巨峰站,0.04732+j0.297256,0.158628+j0.957116,17.71,
8993,蒙兰Ⅱ线,500kV,兰陵站,沂蒙站,0.0153572+j0.260789,0.0587491+j0.481156,76.83,
8994,邹新线,500kV,,新泰站,0.0211174+j0.26668,0.231821+j0.926141,90.58,
8995,蒙兰Ⅰ线,500kV,兰陵站,沂蒙站,0.0153572+j0.260789,0.0587491+j0.481156,76.83,
8996,新鲁线,500kV,新泰站,鲁中站,0.0211165+j0.271483,0.231811+j0.926102,62.84,
8998,新泉Ⅱ线,220kV,,新泰站,0.0879667+j0.734317,0.512183+j1.86617,12,
8999,岱周线,220kV,岱宗站,,0.0400033+j0.303025,0.12001+j0.875743,48.29,
9000,岱山Ⅰ线,220kV,,岱宗站,0.0358847+j0.296178,0.207825+j0.818987,16.48,
9001,新泉Ⅰ线,220kV,,新泰站,0.0879667+j0.734317,0.512183+j1.86617,12,
9002,新果线,220kV,,新泰站,0.0578782+j0.268963,0.198868+j0.750698,38,
9005,阳九线,220kV,,莱阳站,0.0262813+j0.2893,0.241588+j0.765125,16,
9008,海炼Ⅱ线,220kV,海口站,,0.0265664+j0.287911,0.1279+j0.674929,35.24,
9010,海炼Ⅰ线,220kV,海口站,,0.0265664+j0.287911,0.1279+j0.674929,35.24,
9012,天周线,220kV,,天衍站,0.0734201+j0.401935,0.242562+j0.913943,44.97,
9017,天茂Ⅰ线,220kV,天衍站,,0.0509111+j0.303124,0.230456+j0.785401,4.61,
9018,天茂Ⅱ线,220kV,天衍站,,0.0498265+j0.304403,0.234121+j0.776291,4.61,
9021,寿青线,500kV,高青站,寿光站,0.0185002+j0.287923,0.177+j0.556003,127.35,
9022,羊寿Ⅱ线,500kV,寿光站,,0.0130833+j0.255915,0.0809367+j0.527299,40.98,
9023,青油线,500kV,高青站,油城站,0.0285218+j0.25963,0.0967539+j0.556887,71.44,
9024,羊寿Ⅰ线,500kV,寿光站,,0.0130833+j0.255915,0.0809367+j0.527299,40.98,
9029,川兴线,220kV,,淄川站,0.0408965+j0.320173,0.177887+j0.888429,37.48,
9030,天青线,220kV,,高青站,0.0402726+j0.304043,0.236803+j0.787189,19.03,
9032,青芦Ⅰ线,220kV,,高青站,0.0488728+j0.307098,0.168251+j0.655287,10.61,
9034,青渔线,220kV,高青站,,0.0384307+j0.301468,0.16596+j0.721459,20.62,
9035,青芦Ⅱ线,220kV,,高青站,0.0488728+j0.307098,0.168251+j0.655287,10.61,
9037,淄果Ⅰ线,220kV,,,0.0809649+j0.428969,0.355614+j1.07395,4.77,
9040,富都线,220kV,,富国站,0.03+j0.29,0.093+j0.754,38,
9041,富董Ⅱ线,220kV,,富国站,0.04+j0.303,0.124+j0.7878,20.76,
9043,富车线,220kV,,富国站,0.0513391+j0.30705,0.159151+j0.870673,18.11,
9045,富董Ⅰ线,220kV,,富国站,0.04+j0.303,0.124+j0.7878,20.62,
9046,富贵线,220kV,,富国站,0.0337037+j0.294815,0.104481+j0.766518,27,
9047,德平Ⅰ线,220kV,,德州站,0.0582081+j0.362107,0.200166+j1.02381,47.08,
9049,柴夏Ⅰ线,220kV,,柴府站,0.0399963+j0.302972,0.170729+j0.875588,10.7,
9050,柴银线,220kV,,柴府站,0.0407216+j0.304121,0.165007+j0.875786,22.59,
9051,柴夏Ⅱ线,220kV,,柴府站,0.0402523+j0.302972,0.167794+j0.875588,10.7,
9052,柴禹线,220kV,,柴府站,0.0669815+j0.384336,0.216159+j1.09527,64.67,
9053,富学Ⅰ线,220kV,,富国站,0.0520837+j0.307316,0.176721+j0.888142,26.3,
9054,富学Ⅱ线,220kV,,富国站,0.051641+j0.307158,0.178841+j0.887685,27.3,
9055,富陈线,220kV,,富国站,0.0420692+j0.303778,0.130415+j0.877918,29.8,
9057,柴林Ⅰ线,220kV,,柴府站,0.0402952+j0.284564,0.165579+j0.708011,15.89,
9058,聊尚Ⅱ线,220kV,,聊城站,0.0400034+j0.303026,0.181906+j0.875745,47.16,
9059,柴汇线,220kV,,柴府站,0.0512276+j0.290698,0.162744+j0.71155,14.32,
9060,柴桥Ⅱ线,220kV,,柴府站,0.0513945+j0.303011,0.162783+j0.875701,28.54,
9061,柴安线,220kV,,柴府站,0.0505948+j0.30387,0.117688+j0.660434,30.21,
9064,柴林Ⅱ线,220kV,,柴府站,0.0460944+j0.280265,0.15728+j0.724412,15.89,
9065,柴桥Ⅰ线,220kV,,柴府站,0.0402957+j0.303011,0.165583+j0.875701,28.54,
9068,泉青Ⅰ线,500kV,高青站,泉城站,0.0142264+j0.285657,0.177896+j0.584403,60.17,
9069,柴聊线,500kV,聊城站,柴府站,0.0211422+j0.253911,0.129451+j0.618756,45,
9070,泉青Ⅱ线,500kV,高青站,泉城站,0.0142264+j0.285657,0.177896+j0.584403,60.17,
9071,柴韶线,500kV,柴府站,闻韶站,0.0206595+j0.268466,0.0921035+j0.571388,116,
9072,川滨线,500kV,滨州站,淄川站,0.0227163+j0.282935,0.156098+j0.680311,116.26,
9073,富滨Ⅰ线,500kV,富国站,滨州站,0.0128723+j0.28,0.16902+j0.573922,51.7,
9074,泉韶Ⅱ线,500kV,闻韶站,泉城站,0.0140709+j0.259282,0.0968693+j0.607207,58.07,
9075,富海线,500kV,富国站,海口站,0.0131776+j0.274286,0.16551+j0.562245,49,
9076,富滨Ⅱ线,500kV,富国站,滨州站,0.0124004+j0.28,0.16902+j0.636615,51.7,
9077,泉韶Ⅰ线,500kV,闻韶站,泉城站,0.0140709+j0.259282,0.0968693+j0.607207,58.07,
9078,青木Ⅰ线,220kV,,高青站,0.0684853+j0.294753,0.277147+j0.747793,13.61,
9079,青木Ⅱ线,220kV,,高青站,0.0684853+j0.294753,0.277147+j0.747793,13.61,
9083,富丰Ⅰ线,220kV,,富国站,0.0672446+j0.303,0.279843+j0.7878,50.8,
9084,富丰Ⅱ线,220kV,,富国站,0.0672446+j0.303,0.279843+j0.7878,50.8,
9090,临鹊Ⅰ线,220kV,临淄站,,0.0400097+j0.303073,0.188213+j0.875882,8.28,
9091,临鹊Ⅱ线,220kV,临淄站,,0.0400097+j0.303073,0.182717+j0.875882,8.28,
9096,华北等值端口三,1000kV,泉城站,,0+j0,0+j0,0,
9097,廊泉Ⅱ线,1000kV,泉城站,,0+j0,0+j0,1,
9098,廊泉Ⅰ线,1000kV,泉城站,,0+j0,0+j0,1,
9099,待用ⅩⅡ线,220kV,光州站,,0+j0,0+j0,1,
9101,德通线,220kV,,德州站,0.0399982+j0.302987,0.119995+j0.875631,22.55,
9102,德晏Ⅰ线,220kV,,德州站,0.0399968+j0.302976,0.11999+j0.875599,37.17,
9104,海裕Ⅰ线,220kV,,海口站,0.0282813+j0.300055,0.150795+j0.867159,16.35,
9105,海裕Ⅱ线,220kV,,海口站,0.0282813+j0.300055,0.150795+j0.867159,16.35,
9107,郓义线,220kV,,郓城站,0.04+j0.303,0.12+j0.87567,64.9,
9108,上宝线,220kV,汶上站,,0.04+j0.302948,0.103855+j0.787755,22.05,
9109,多威Ⅰ线,220kV,,金多站,0.0400063+j0.303041,0.104017+j0.787915,25.32,
9110,多威Ⅱ线,220kV,,金多站,0.0400079+j0.303044,0.103998+j0.787922,25.26,
9111,上多线,500kV,金多站,汶上站,0.0157942+j0.283884,0.172884+j0.58149,69,
9112,嘉多线,500kV,金多站,,0.0130997+j0.280039,0.169032+j0.649944,35.52,
9113,文多线,500kV,金多站,文亭站,0.0137238+j0.266959,0.169009+j0.650399,61.47,
9116,青肖线,220kV,,高青站,1.38074+j5.57155,5.88915+j13.4323,44.56,
9118,青西线,220kV,,高青站,0.0721975+j0.291331,0.307938+j0.702364,44.56,
9124,陵旺线,220kV,,陵县站,0.0400038+j0.303029,0.120012+j0.875754,31.27,
9129,多缗线,220kV,,金多站,0.04+j0.303,0.104+j0.7878,25.5,
9130,多鱼Ⅰ线,220kV,,金多站,0.04+j0.303,0.104+j0.7878,16.5,
9131,多鱼Ⅱ线,220kV,,金多站,0.04+j0.303,0.104+j0.7878,16.5,
9132,沂库Ⅱ线,220kV,,沂南站,0.0800147+j0.417077,0.240044+j1.0844,10.87,
9134,沂库Ⅰ线,220kV,,沂南站,0.0800145+j0.417075,0.240043+j1.0844,22.11,
9136,沂祖Ⅰ线,220kV,,沂南站,0.0799945+j0.416971,0.239983+j1.08413,43.42,
9137,沂阳线,220kV,,沂南站,0.0378408+j0.301749,0.114394+j0.785787,18.63,
9139,沂祖Ⅱ线,220kV,,沂南站,0.0799945+j0.416971,0.239983+j1.08413,43.42,
9140,蒙启线,220kV,,沂蒙站,0.062692+j0.340996,0.216594+j1.0168,32.83,
9141,沂水线,220kV,,沂南站,0.038+j0.303,0.114+j0.7878,31.2,
9143,琅宝线,220kV,,琅琊站,0.03813+j0.292573,0.115579+j0.743524,7.77,
9144,琅楼Ⅱ线,220kV,,琅琊站,0.0257217+j0.275304,0.193412+j0.765426,32.77,
9147,琅楼Ⅰ线,220kV,,琅琊站,0.0227586+j0.274074,0.0693561+j0.551297,32.77,
9150,照潮Ⅱ线,220kV,,日照站,0.03937+j0.30316,0.199212+j0.788216,22.83,
9151,照潮Ⅰ线,220kV,,日照站,0.03937+j0.30316,0.199212+j0.788216,22.83,
9153,沂莒线,220kV,,沂南站,0.0380035+j0.303028,0.11401+j0.787872,32.95,
9154,密琅Ⅱ线,500kV,琅琊站,密州站,0.0142496+j0.256329,0.0799157+j0.675452,59.3,
9155,乐潍线,500kV,昌乐站,潍坊站,0.016435+j0.275807,0.0520343+j0.717098,122.3,
9156,固益Ⅰ线,500kV,,益都站,0.0125012+j0.2712,0.0375012+j0.70512,42.5,
9157,沂照线,500kV,沂南站,日照站,0.0179686+j0.277617,0.0539057+j0.721803,82.7,
9158,泉乐Ⅰ线,1000kV,昌乐站,泉城站,0.0072998+j0.2517,0.115+j0.6461,236.76,
9159,沂密线,500kV,沂南站,密州站,0.0125007+j0.271205,0.0375011+j0.705132,113.05,
9160,固益Ⅱ线,500kV,,益都站,0.0125012+j0.2712,0.0375012+j0.70512,42.5,
9161,乐益线,500kV,昌乐站,益都站,0.01274+j0.271482,0.038385+j0.705852,60,
9162,龙韶线,500kV,蟠龙站,闻韶站,0.0240515+j0.288118,0.189103+j0.676685,65.58,
9163,乐密Ⅰ线,500kV,昌乐站,密州站,0.0124995+j0.271176,0.0374962+j0.705059,46.41,
9164,泉乐Ⅱ线,1000kV,昌乐站,泉城站,0.0072998+j0.2517,0.115+j0.6461,236.76,
9165,陵油线,500kV,油城站,陵县站,0.0232158+j0.274649,0.166487+j0.663252,190.31,
9166,沂鲁线,500kV,沂南站,鲁中站,0.0131262+j0.271932,0.0398123+j0.707023,110.26,
9167,乐密Ⅱ线,500kV,昌乐站,密州站,0.0124995+j0.271176,0.0374962+j0.705059,46.41,
9168,沂蒙线,500kV,沂南站,沂蒙站,0.0171717+j0.276682,0.0515152+j0.719327,59.4,
9178,牟汉Ⅱ线,220kV,,牟平站,0.0400064+j0.303048,0.120019+j0.787925,31.41,
9183,牟黄Ⅱ线,220kV,,牟平站,0.0391522+j0.297187,0.117312+j0.763997,45.66,
9184,牟汉Ⅰ线,220kV,,牟平站,0.0400064+j0.303048,0.120019+j0.787925,31.41,
9186,牟黄Ⅰ线,220kV,,牟平站,0.0391522+j0.297187,0.117312+j0.763997,45.66,
9189,川池Ⅱ线,220kV,,淄川站,0.0399936+j0.302952,0.119981+j0.787675,25.14,
9190,川池Ⅰ线,220kV,,淄川站,0.0399936+j0.302952,0.119981+j0.787675,25.14,
9216,660kV#1母线,660kV,胶东站,,0+j0,0+j0,0,
9249,#3主变,500kV,金多站,,0+j0,0+j0,0,
9364,203,220kV,金多站,,0+j0,0+j0,0,
9405,226,220kV,牟平站,,0+j0,0+j0,0,
9415,213,220kV,新泰站,,0+j0,0+j0,0,
9416,214,220kV,新泰站,,0+j0,0+j0,0,
9417,215,220kV,新泰站,,0+j0,0+j0,0,
9418,216,220kV,新泰站,,0+j0,0+j0,0,
9419,217,220kV,新泰站,,0+j0,0+j0,0,
9420,218,220kV,新泰站,,0+j0,0+j0,0,
9421,219,220kV,新泰站,,0+j0,0+j0,0,
9423,220,220kV,新泰站,,0+j0,0+j0,0,
9424,221,220kV,新泰站,,0+j0,0+j0,0,
9425,222,220kV,新泰站,,0+j0,0+j0,0,
9426,223,220kV,新泰站,,0+j0,0+j0,0,
9427,224,220kV,新泰站,,0+j0,0+j0,0,
9428,225,220kV,新泰站,,0+j0,0+j0,0,
9441,211,220kV,淄川站,,0+j0,0+j0,0,
9442,212,220kV,淄川站,,0+j0,0+j0,0,
9458,青袁Ⅰ线,220kV,,高青站,0.04+j0.303,0.124+j0.7878,33.23,
9459,青袁Ⅱ线,220kV,,高青站,0.04+j0.303,0.124+j0.7878,33.23,
9460,富丰Ⅱ-鑫丰Ⅱ线,220kV,,富国站,0.0692455+j0.291761,0.291284+j0.708396,68.91,
9461,乐朐Ⅰ线,500kV,昌乐站,,0+j0,0+j0,0,
9462,固乐Ⅱ线,1000kV,昌乐站,,0.00730065+j0.251699,0.115+j0.646101,76.5,
9463,固乐Ⅰ线,1000kV,昌乐站,,0.00730065+j0.251699,0.115+j0.646101,76.5,
9464,乐朐Ⅱ线,500kV,昌乐站,,0+j0,0+j0,0,
9474,500kV#1A母线,500kV,昌乐站,,0+j0,0+j0,0,
9475,500kV#1B母线,500kV,昌乐站,,0+j0,0+j0,0,
9476,500kV#2A母线,500kV,昌乐站,,0+j0,0+j0,0,
9477,500kV#2B母线,500kV,昌乐站,,0+j0,0+j0,0,
9482,#1主变,1000kV,昌乐站,,0+j0,0+j0,0,
9500,#4主变1000kV侧T063开关,1000kV,昌乐站,,0+j0,0+j0,0,
9522,T031,1000kV,昌乐站,,0+j0,0+j0,0,
9523,T032,1000kV,昌乐站,,0+j0,0+j0,0,
9524,T033,1000kV,昌乐站,,0+j0,0+j0,0,
9525,分段51F开关,500kV,昌乐站,,0+j0,0+j0,0,
9526,分段52F开关,500kV,昌乐站,,0+j0,0+j0,0,
9527,联络T062开关,1000kV,昌乐站,,0+j0,0+j0,0,
9585,1000kV#1母线,1000kV,沂南站,,0+j0,0+j0,0,
9586,1000kV#2母线,1000kV,沂南站,,0+j0,0+j0,0,
9587,220kV#1A母线,220kV,沂南站,,0+j0,0+j0,0,
9588,220kV#1B母线,220kV,沂南站,,0+j0,0+j0,0,
9589,220kV#2A母线,220kV,沂南站,,0+j0,0+j0,0,
9590,220kV#2B母线,220kV,沂南站,,0+j0,0+j0,0,
9591,500kV#1母线,500kV,沂南站,,0+j0,0+j0,0,
9592,500kV#2母线,500kV,沂南站,,0+j0,0+j0,0,
9599,#2主变,500kV,沂南站,,0+j0,0+j0,0,
9600,#4主变,500kV,沂南站,,0+j0,0+j0,0,
9623,200A,220kV,沂南站,,0+j0,0+j0,0,
9624,200B,220kV,沂南站,,0+j0,0+j0,0,
9625,201,220kV,沂南站,,0+j0,0+j0,0,
9626,202,220kV,沂南站,,0+j0,0+j0,0,
9627,204,220kV,沂南站,,0+j0,0+j0,0,
9628,21F,220kV,沂南站,,0+j0,0+j0,0,
9629,22F,220kV,沂南站,,0+j0,0+j0,0,
9630,5011,500kV,沂南站,,0+j0,0+j0,0,
9631,5012,500kV,沂南站,,0+j0,0+j0,0,
9632,5013,500kV,沂南站,,0+j0,0+j0,0,
9633,5021,500kV,沂南站,,0+j0,0+j0,0,
9634,5022,500kV,沂南站,,0+j0,0+j0,0,
9635,5023,500kV,沂南站,,0+j0,0+j0,0,
9636,5031,500kV,沂南站,,0+j0,0+j0,0,
9637,5032,500kV,沂南站,,0+j0,0+j0,0,
9638,5033,500kV,沂南站,,0+j0,0+j0,0,
9639,5041,500kV,沂南站,,0+j0,0+j0,0,
9640,5042,500kV,沂南站,,0+j0,0+j0,0,
9641,5043,500kV,沂南站,,0+j0,0+j0,0,
9642,5051,500kV,沂南站,,0+j0,0+j0,0,
9643,5052,500kV,沂南站,,0+j0,0+j0,0,
9644,5053,500kV,沂南站,,0+j0,0+j0,0,
9645,5061,500kV,沂南站,,0+j0,0+j0,0,
9646,5062,500kV,沂南站,,0+j0,0+j0,0,
9647,5063,500kV,沂南站,,0+j0,0+j0,0,
9648,5071,500kV,沂南站,,0+j0,0+j0,0,
9649,5072,500kV,沂南站,,0+j0,0+j0,0,
9650,5073,500kV,沂南站,,0+j0,0+j0,0,
9651,5081,500kV,沂南站,,0+j0,0+j0,0,
9652,5082,500kV,沂南站,,0+j0,0+j0,0,
9653,5083,500kV,沂南站,,0+j0,0+j0,0,
9654,5091,500kV,沂南站,,0+j0,0+j0,0,
9655,5092,500kV,沂南站,,0+j0,0+j0,0,
9656,5093,500kV,沂南站,,0+j0,0+j0,0,
9658,T011,1000kV,沂南站,,0+j0,0+j0,0,
9660,T012,1000kV,沂南站,,0+j0,0+j0,0,
9662,T013,1000kV,沂南站,,0+j0,0+j0,0,
9663,T021,1000kV,沂南站,,0+j0,0+j0,0,
9664,T022,1000kV,沂南站,,0+j0,0+j0,0,
9665,T023,1000kV,沂南站,,0+j0,0+j0,0,
9675,开关14,220kV,沂南站,,0+j0,0+j0,0,
